SVA ID,Proof Status,Error Message
0,inconclusive,
1,inconclusive,
2,inconclusive,
3,inconclusive,
4,inconclusive,
5,inconclusive,
6,inconclusive,
7,inconclusive,
8,inconclusive,
9,inconclusive,
10,inconclusive,
11,inconclusive,
12,inconclusive,
13,inconclusive,
14,inconclusive,
15,inconclusive,
16,inconclusive,
17,inconclusive,
18,inconclusive,
19,inconclusive,
20,inconclusive,
21,inconclusive,
22,inconclusive,
23,inconclusive,
24,inconclusive,
25,inconclusive,
26,inconclusive,
27,inconclusive,
28,inconclusive,
